{
  "hp_level": 1.000000,
  "player_speed": 3.000000,
  "magnet_level": 1.000000,
  "light_weapon_level": 0.000000,
  "heavy_weapon_level": 0.000000,
  "spread_weapon_level": 2.000000,
  "seeking_weapon_level": 0.000000
}